<?xml version="1.0" encoding="UTF-8"?>
<project-private xmlns="http://www.netbeans.org/ns/project-private/1">
    <editor-bookmarks xmlns="http://www.netbeans.org/ns/editor-bookmarks/2" lastBookmarkId="0"/>
    <open-files xmlns="http://www.netbeans.org/ns/projectui-open-files/2">
        <group>
            <file>file:/C:/Users/gabri/OneDrive/Documentos/NetBeansProjects/SistemaBiblioteca/src/Repositorio/Repositorio.java</file>
            <file>file:/C:/Users/gabri/OneDrive/Documentos/NetBeansProjects/SistemaBiblioteca/src/Usuario/Leitor.java</file>
            <file>file:/C:/Users/gabri/OneDrive/Documentos/NetBeansProjects/SistemaBiblioteca/src/Livros/Livro.java</file>
            <file>file:/C:/Users/gabri/OneDrive/Documentos/NetBeansProjects/SistemaBiblioteca/src/Emprestimos/Emprestimo.java</file>
            <file>file:/C:/Users/gabri/OneDrive/Documentos/NetBeansProjects/SistemaBiblioteca/src/telas/TelaEditarDevolucoes.java</file>
            <file>file:/C:/Users/gabri/OneDrive/Documentos/NetBeansProjects/SistemaBiblioteca/src/Devolucoes/Devolucao.java</file>
            <file>file:/C:/Users/gabri/OneDrive/Documentos/NetBeansProjects/SistemaBiblioteca/src/telas/TelaEditarLeitores.java</file>
            <file>file:/C:/Users/gabri/OneDrive/Documentos/NetBeansProjects/SistemaBiblioteca/src/telas/TelaEditarEmprestimos.java</file>
            <file>file:/C:/Users/gabri/OneDrive/Documentos/NetBeansProjects/SistemaBiblioteca/src/telas/TelaEditarLivros.java</file>
            <file>file:/C:/Users/gabri/OneDrive/Documentos/NetBeansProjects/SistemaBiblioteca/src/telas/TelaListarDevolucoes.java</file>
        </group>
    </open-files>
</project-private>
