<?xml version="1.0" encoding="UTF-8"?>
<project-private xmlns="http://www.netbeans.org/ns/project-private/1">
    <editor-bookmarks xmlns="http://www.netbeans.org/ns/editor-bookmarks/2" lastBookmarkId="0"/>
    <open-files xmlns="http://www.netbeans.org/ns/projectui-open-files/2">
        <group>
            <file>file:/C:/Users/gabri/OneDrive/Documentos/NetBeansProjects/SistemaBiblioteca/src/telas/EditarLivros.java</file>
            <file>file:/C:/Users/gabri/OneDrive/Documentos/NetBeansProjects/SistemaBiblioteca/src/telas/modificarLivros.java</file>
            <file>file:/C:/Users/gabri/OneDrive/Documentos/NetBeansProjects/SistemaBiblioteca/src/telas/EditarDevolucoes.java</file>
            <file>file:/C:/Users/gabri/OneDrive/Documentos/NetBeansProjects/SistemaBiblioteca/src/telas/Livros.java</file>
        </group>
    </open-files>
</project-private>
